Workbook

Sheet Instructions
A1: FYS.330 Project Work — Gantt chart workbook
A3: This workbook is the editable companion to the Gantt chart (Table 2.2) in the LaTeX project plan template. Edit it here, then e.g. send the file to Claude and ask to update the LaTeX chart to match.
A5: How the three sheets fit together
A6: • Weeks — the calendar spine for the whole course (week 43/2026 to week 18/2027). Each row is one real calendar week: its dates, which phase it belongs to (Planning / Implementation / Reporting), and whether it's a break. The Project Week number is computed automatically — it just counts the non-break rows in order.
A8: • Tasks — the master task/deliverable list (mirrors Table 2.1 in the LaTeX document). Each row has a Start and End given as a Calendar Week (matching the 'Calendar Week' column on the Weeks sheet) — this is what you edit. The Project Week columns and the date columns to their right are computed automatically from the Weeks sheet.
A10: • Gantt — an automatic visual preview, built entirely from formulas reading the two sheets above. You don't edit this sheet directly — change Tasks or Weeks and this sheet updates itself.
A12: What to edit
A13: • Blue text = a cell you're meant to edit.
A14: • Black text = a formula — leave it alone, it recalculates on its own.
A15: • To move a task: change its Start/End Calendar Week on the Tasks sheet.
A16: • To add a task or deliverable: add a new row on the Tasks sheet, following the same columns and using a Calendar Week that already exists on the Weeks sheet; the Gantt sheet picks it up automatically (extend its row range if you add rows beyond D5).
A17: • To move a break, or change which weeks belong to which phase: edit the Phase / Is Break / Break Label columns on the Weeks sheet. Project Week numbers renumber automatically.
A19: This workbook mirrors the example schedule already in the LaTeX template (main.tex / Chapters/ChapII_Implementation.tex) as of the last edit.

Sheet Weeks
A1: Calendar Week | B1: Week Start | C1: Week End | D1: Phase | E1: Is Break (Y/N) | F1: Break Label | G1: Project Week
A2: W43/2026 | B2: 2026-10-19 | C2: 2026-10-25 | D2: Planning | E2: N | G2: =IF(E2="Y","",COUNTIF($E$2:E2,"N")) -> 1
A3: W44/2026 | B3: 2026-10-26 | C3: 2026-11-01 | D3: Planning | E3: N | G3: =IF(E3="Y","",COUNTIF($E$2:E3,"N")) -> 2
A4: W45/2026 | B4: 2026-11-02 | C4: 2026-11-08 | D4: Planning | E4: N | G4: =IF(E4="Y","",COUNTIF($E$2:E4,"N")) -> 3
A5: W46/2026 | B5: 2026-11-09 | C5: 2026-11-15 | D5: Planning | E5: N | G5: =IF(E5="Y","",COUNTIF($E$2:E5,"N")) -> 4
A6: W47/2026 | B6: 2026-11-16 | C6: 2026-11-22 | D6: Planning | E6: N | G6: =IF(E6="Y","",COUNTIF($E$2:E6,"N")) -> 5
A7: W48/2026 | B7: 2026-11-23 | C7: 2026-11-29 | D7: Planning | E7: N | G7: =IF(E7="Y","",COUNTIF($E$2:E7,"N")) -> 6
A8: W49/2026 | B8: 2026-11-30 | C8: 2026-12-06 | D8: Planning | E8: N | G8: =IF(E8="Y","",COUNTIF($E$2:E8,"N")) -> 7
A9: W50/2026 | B9: 2026-12-07 | C9: 2026-12-13 | D9: Break | E9: Y | F9: Christmas break | G9: =IF(E9="Y","",COUNTIF($E$2:E9,"N"))
A10: W51/2026 | B10: 2026-12-14 | C10: 2026-12-20 | D10: Break | E10: Y | F10: Christmas break | G10: =IF(E10="Y","",COUNTIF($E$2:E10,"N"))
A11: W52/2026 | B11: 2026-12-21 | C11: 2026-12-27 | D11: Break | E11: Y | F11: Christmas break | G11: =IF(E11="Y","",COUNTIF($E$2:E11,"N"))
A12: W01/2027 | B12: 2027-01-04 | C12: 2027-01-10 | D12: Break | E12: Y | F12: Christmas break | G12: =IF(E12="Y","",COUNTIF($E$2:E12,"N"))
A13: W02/2027 | B13: 2027-01-11 | C13: 2027-01-17 | D13: Implementation | E13: N | G13: =IF(E13="Y","",COUNTIF($E$2:E13,"N")) -> 8
A14: W03/2027 | B14: 2027-01-18 | C14: 2027-01-24 | D14: Implementation | E14: N | G14: =IF(E14="Y","",COUNTIF($E$2:E14,"N")) -> 9
A15: W04/2027 | B15: 2027-01-25 | C15: 2027-01-31 | D15: Implementation | E15: N | G15: =IF(E15="Y","",COUNTIF($E$2:E15,"N")) -> 10
A16: W05/2027 | B16: 2027-02-01 | C16: 2027-02-07 | D16: Implementation | E16: N | G16: =IF(E16="Y","",COUNTIF($E$2:E16,"N")) -> 11
A17: W06/2027 | B17: 2027-02-08 | C17: 2027-02-14 | D17: Implementation | E17: N | G17: =IF(E17="Y","",COUNTIF($E$2:E17,"N")) -> 12
A18: W07/2027 | B18: 2027-02-15 | C18: 2027-02-21 | D18: Implementation | E18: N | G18: =IF(E18="Y","",COUNTIF($E$2:E18,"N")) -> 13
A19: W08/2027 | B19: 2027-02-22 | C19: 2027-02-28 | D19: Break | E19: Y | F19: Exam week | G19: =IF(E19="Y","",COUNTIF($E$2:E19,"N"))
A20: W09/2027 | B20: 2027-03-01 | C20: 2027-03-07 | D20: Reporting | E20: N | G20: =IF(E20="Y","",COUNTIF($E$2:E20,"N")) -> 14
A21: W10/2027 | B21: 2027-03-08 | C21: 2027-03-14 | D21: Reporting | E21: N | G21: =IF(E21="Y","",COUNTIF($E$2:E21,"N")) -> 15
A22: W11/2027 | B22: 2027-03-15 | C22: 2027-03-21 | D22: Reporting | E22: N | G22: =IF(E22="Y","",COUNTIF($E$2:E22,"N")) -> 16
A23: W12/2027 | B23: 2027-03-22 | C23: 2027-03-28 | D23: Reporting | E23: N | G23: =IF(E23="Y","",COUNTIF($E$2:E23,"N")) -> 17
A24: W13/2027 | B24: 2027-03-29 | C24: 2027-04-04 | D24: Reporting | E24: N | G24: =IF(E24="Y","",COUNTIF($E$2:E24,"N")) -> 18
A25: W14/2027 | B25: 2027-04-05 | C25: 2027-04-11 | D25: Reporting | E25: N | G25: =IF(E25="Y","",COUNTIF($E$2:E25,"N")) -> 19
A26: W15/2027 | B26: 2027-04-12 | C26: 2027-04-18 | D26: Reporting | E26: N | G26: =IF(E26="Y","",COUNTIF($E$2:E26,"N")) -> 20
A27: W16/2027 | B27: 2027-04-19 | C27: 2027-04-25 | D27: Reporting | E27: N | G27: =IF(E27="Y","",COUNTIF($E$2:E27,"N")) -> 21
A28: W17/2027 | B28: 2027-04-26 | C28: 2027-05-02 | D28: Break | E28: Y | F28: Exam period | G28: =IF(E28="Y","",COUNTIF($E$2:E28,"N"))
A29: W18/2027 | B29: 2027-05-03 | C29: 2027-05-09 | D29: Break | E29: Y | F29: Exam period | G29: =IF(E29="Y","",COUNTIF($E$2:E29,"N"))

Sheet Tasks
A1: ID | B1: Task | C1: Responsible | D1: Type | E1: Start (Cal Wk) | F1: End (Cal Wk) | G1: Deliverable / Milestone | H1: Start Date | I1: End Date | J1: Start (Proj Wk) | K1: End (Proj Wk) | L1: Gantt label
A2: T1 | B2: Kickoff and background research | C2: Whole team | D2: Task | E2: W43/2026 | F2: W44/2026 | G2: Shared reading list | H2: =INDEX(Weeks!$B:$B,MATCH(E2,Weeks!$A:$A,0)) -> 2026-10-19 | I2: =INDEX(Weeks!$C:$C,MATCH(F2,Weeks!$A:$A,0)) -> 2026-11-01 | J2: =INDEX(Weeks!$G:$G,MATCH(E2,Weeks!$A:$A,0)) -> 1 | K2: =INDEX(Weeks!$G:$G,MATCH(F2,Weeks!$A:$A,0)) -> 2 | L2: Kickoff & background research
A3: T2 | B3: Detailed literature review | C3: Author A | D3: Task | E3: W44/2026 | F3: W47/2026 | G3: Background chapter draft | H3: =INDEX(Weeks!$B:$B,MATCH(E3,Weeks!$A:$A,0)) -> 2026-10-26 | I3: =INDEX(Weeks!$C:$C,MATCH(F3,Weeks!$A:$A,0)) -> 2026-11-22 | J3: =INDEX(Weeks!$G:$G,MATCH(E3,Weeks!$A:$A,0)) -> 2 | K3: =INDEX(Weeks!$G:$G,MATCH(F3,Weeks!$A:$A,0)) -> 5 | L3: Literature review
A4: D1 | B4: Return of preliminary project plan | C4: Whole team | D4: Deliverable | E4: W47/2026 | F4: W47/2026 | G4: DL Sun 22.11 23:59 | H4: =INDEX(Weeks!$B:$B,MATCH(E4,Weeks!$A:$A,0)) -> 2026-11-16 | I4: =INDEX(Weeks!$C:$C,MATCH(F4,Weeks!$A:$A,0)) -> 2026-11-22 | J4: =INDEX(Weeks!$G:$G,MATCH(E4,Weeks!$A:$A,0)) -> 5 | K4: =INDEX(Weeks!$G:$G,MATCH(F4,Weeks!$A:$A,0)) -> 5 | L4: Prelim. plan due
A5: T3 | B5: Method / experimental design | C5: Author B | D5: Task | E5: W47/2026 | F5: W49/2026 | G5: Method description | H5: =INDEX(Weeks!$B:$B,MATCH(E5,Weeks!$A:$A,0)) -> 2026-11-16 | I5: =INDEX(Weeks!$C:$C,MATCH(F5,Weeks!$A:$A,0)) -> 2026-12-06 | J5: =INDEX(Weeks!$G:$G,MATCH(E5,Weeks!$A:$A,0)) -> 5 | K5: =INDEX(Weeks!$G:$G,MATCH(F5,Weeks!$A:$A,0)) -> 7 | L5: Method/experimental design
A6: D2 | B6: Return of final project plan | C6: Whole team | D6: Deliverable | E6: W49/2026 | F6: W49/2026 | G6: DL Fri 4.12 23:59 | H6: =INDEX(Weeks!$B:$B,MATCH(E6,Weeks!$A:$A,0)) -> 2026-11-30 | I6: =INDEX(Weeks!$C:$C,MATCH(F6,Weeks!$A:$A,0)) -> 2026-12-06 | J6: =INDEX(Weeks!$G:$G,MATCH(E6,Weeks!$A:$A,0)) -> 7 | K6: =INDEX(Weeks!$G:$G,MATCH(F6,Weeks!$A:$A,0)) -> 7 | L6: Final plan due
A7: T4 | B7: Data collection / simulations | C7: Whole team | D7: Task | E7: W02/2027 | F7: W05/2027 | G7: Raw data set | H7: =INDEX(Weeks!$B:$B,MATCH(E7,Weeks!$A:$A,0)) -> 2027-01-11 | I7: =INDEX(Weeks!$C:$C,MATCH(F7,Weeks!$A:$A,0)) -> 2027-02-07 | J7: =INDEX(Weeks!$G:$G,MATCH(E7,Weeks!$A:$A,0)) -> 8 | K7: =INDEX(Weeks!$G:$G,MATCH(F7,Weeks!$A:$A,0)) -> 11 | L7: Data collection / simulations
A8: T5 | B8: Interim review meeting | C8: Whole team | D8: Milestone | E8: W04/2027 | F8: W04/2027 | G8: Meeting notes (milestone) | H8: =INDEX(Weeks!$B:$B,MATCH(E8,Weeks!$A:$A,0)) -> 2027-01-25 | I8: =INDEX(Weeks!$C:$C,MATCH(F8,Weeks!$A:$A,0)) -> 2027-01-31 | J8: =INDEX(Weeks!$G:$G,MATCH(E8,Weeks!$A:$A,0)) -> 10 | K8: =INDEX(Weeks!$G:$G,MATCH(F8,Weeks!$A:$A,0)) -> 10 | L8: Interim review
A9: T6 | B9: Data analysis | C9: Author C | D9: Task | E9: W06/2027 | F9: W07/2027 | G9: Analysis notebook / results | H9: =INDEX(Weeks!$B:$B,MATCH(E9,Weeks!$A:$A,0)) -> 2027-02-08 | I9: =INDEX(Weeks!$C:$C,MATCH(F9,Weeks!$A:$A,0)) -> 2027-02-21 | J9: =INDEX(Weeks!$G:$G,MATCH(E9,Weeks!$A:$A,0)) -> 12 | K9: =INDEX(Weeks!$G:$G,MATCH(F9,Weeks!$A:$A,0)) -> 13 | L9: Data analysis
A10: T7 | B10: Draft report writing | C10: Whole team | D10: Task | E10: W09/2027 | F10: W11/2027 | G10: Full draft report | H10: =INDEX(Weeks!$B:$B,MATCH(E10,Weeks!$A:$A,0)) -> 2027-03-01 | I10: =INDEX(Weeks!$C:$C,MATCH(F10,Weeks!$A:$A,0)) -> 2027-03-21 | J10: =INDEX(Weeks!$G:$G,MATCH(E10,Weeks!$A:$A,0)) -> 14 | K10: =INDEX(Weeks!$G:$G,MATCH(F10,Weeks!$A:$A,0)) -> 16 | L10: Draft report writing
A11: D3 | B11: Return of implementation report | C11: Whole team | D11: Deliverable | E11: W11/2027 | F11: W11/2027 | G11: DL Sun 21.3 23:59 | H11: =INDEX(Weeks!$B:$B,MATCH(E11,Weeks!$A:$A,0)) -> 2027-03-15 | I11: =INDEX(Weeks!$C:$C,MATCH(F11,Weeks!$A:$A,0)) -> 2027-03-21 | J11: =INDEX(Weeks!$G:$G,MATCH(E11,Weeks!$A:$A,0)) -> 16 | K11: =INDEX(Weeks!$G:$G,MATCH(F11,Weeks!$A:$A,0)) -> 16 | L11: Impl. report due
A12: T8 | B12: Prepare presentation | C12: Whole team | D12: Task | E12: W12/2027 | F12: W14/2027 | G12: Full draft report | H12: =INDEX(Weeks!$B:$B,MATCH(E12,Weeks!$A:$A,0)) -> 2027-03-22 | I12: =INDEX(Weeks!$C:$C,MATCH(F12,Weeks!$A:$A,0)) -> 2027-04-11 | J12: =INDEX(Weeks!$G:$G,MATCH(E12,Weeks!$A:$A,0)) -> 17 | K12: =INDEX(Weeks!$G:$G,MATCH(F12,Weeks!$A:$A,0)) -> 19 | L12: Prepare presentation
A13: T9 | B13: Final report and presentation | C13: Whole team | D13: Milestone | E13: W14/2027 | F13: W16/2027 | G13: Final report, slides | H13: =INDEX(Weeks!$B:$B,MATCH(E13,Weeks!$A:$A,0)) -> 2027-04-05 | I13: =INDEX(Weeks!$C:$C,MATCH(F13,Weeks!$A:$A,0)) -> 2027-04-25 | J13: =INDEX(Weeks!$G:$G,MATCH(E13,Weeks!$A:$A,0)) -> 19 | K13: =INDEX(Weeks!$G:$G,MATCH(F13,Weeks!$A:$A,0)) -> 21 | L13: Final report & presentation
... A19: D5 | B19: Return of personal course reflection | C19: Individual | D19: Deliverable | E19: W18/2027 | F19: W18/2027 | G19: DL Sun 9.5 23:59 (exam period) | H19: =INDEX(Weeks!$B:$B,MATCH(E19,Weeks!$A:$A,0)) -> 2027-05-03 | I19: =INDEX(Weeks!$C:$C,MATCH(F19,Weeks!$A:$A,0)) -> 2027-05-09 | J19: =INDEX(Weeks!$G:$G,MATCH(E19,Weeks!$A:$A,0)) | K19: =INDEX(Weeks!$G:$G,MATCH(F19,Weeks!$A:$A,0)) | L19: Reflection due

Sheet Gantt
A1: ID | B1: Task (Responsible) | C1: =Weeks!A2 -> W43/2026 | D1: =Weeks!A3 -> W44/2026 | E1: =Weeks!A4 -> W45/2026 | F1: =Weeks!A5 -> W46/2026 | G1: =Weeks!A6 -> W47/2026 | H1: =Weeks!A7 -> W48/2026 | I1: =Weeks!A8 -> W49/2026 | J1: =Weeks!A9 -> W50/2026 | K1: =Weeks!A10 -> W51/2026 | L1: =Weeks!A11 -> W52/2026 | M1: =Weeks!A12 -> W01/2027 | N1: =Weeks!A13 -> W02/2027 | O1: =Weeks!A14 -> W03/2027 | P1: =Weeks!A15 -> W04/2027 | Q1: =Weeks!A16 -> W05/2027 | R1: =Weeks!A17 -> W06/2027 | S1: =Weeks!A18 -> W07/2027 | T1: =Weeks!A19 -> W08/2027 | U1: =Weeks!A20 -> W09/2027 | V1: =Weeks!A21 -> W10/2027 | W1: =Weeks!A22 -> W11/2027 | X1: =Weeks!A23 -> W12/2027 | Y1: =Weeks!A24 -> W13/2027 | Z1: =Weeks!A25 -> W14/2027 | AA1: =Weeks!A26 -> W15/2027 | AB1: =Weeks!A27 -> W16/2027 | AC1: =Weeks!A28 -> W17/2027 | AD1: =Weeks!A29 -> W18/2027
B2: Project week -> | C2: =Weeks!G2 -> 1 | D2: =Weeks!G3 -> 2 | E2: =Weeks!G4 -> 3 | F2: =Weeks!G5 -> 4 | G2: =Weeks!G6 -> 5 | H2: =Weeks!G7 -> 6 | I2: =Weeks!G8 -> 7 | J2: =Weeks!G9 | K2: =Weeks!G10 | L2: =Weeks!G11 | M2: =Weeks!G12 | N2: =Weeks!G13 -> 8 | O2: =Weeks!G14 -> 9 | P2: =Weeks!G15 -> 10 | Q2: =Weeks!G16 -> 11 | R2: =Weeks!G17 -> 12 | S2: =Weeks!G18 -> 13 | T2: =Weeks!G19 | U2: =Weeks!G20 -> 14 | V2: =Weeks!G21 -> 15 | W2: =Weeks!G22 -> 16 | X2: =Weeks!G23 -> 17 | Y2: =Weeks!G24 -> 18 | Z2: =Weeks!G25 -> 19 | AA2: =Weeks!G26 -> 20 | AB2: =Weeks!G27 -> 21 | AC2: =Weeks!G28 | AD2: =Weeks!G29
B3: Week start (helper) -> | C3: =Weeks!B2 -> 2026-10-19 | D3: =Weeks!B3 -> 2026-10-26 | E3: =Weeks!B4 -> 2026-11-02 | F3: =Weeks!B5 -> 2026-11-09 | G3: =Weeks!B6 -> 2026-11-16 | H3: =Weeks!B7 -> 2026-11-23 | I3: =Weeks!B8 -> 2026-11-30 | J3: =Weeks!B9 -> 2026-12-07 | K3: =Weeks!B10 -> 2026-12-14 | L3: =Weeks!B11 -> 2026-12-21 | M3: =Weeks!B12 -> 2027-01-04 | N3: =Weeks!B13 -> 2027-01-11 | O3: =Weeks!B14 -> 2027-01-18 | P3: =Weeks!B15 -> 2027-01-25 | Q3: =Weeks!B16 -> 2027-02-01 | R3: =Weeks!B17 -> 2027-02-08 | S3: =Weeks!B18 -> 2027-02-15 | T3: =Weeks!B19 -> 2027-02-22 | U3: =Weeks!B20 -> 2027-03-01 | V3: =Weeks!B21 -> 2027-03-08 | W3: =Weeks!B22 -> 2027-03-15 | X3: =Weeks!B23 -> 2027-03-22 | Y3: =Weeks!B24 -> 2027-03-29 | Z3: =Weeks!B25 -> 2027-04-05 | AA3: =Weeks!B26 -> 2027-04-12 | AB3: =Weeks!B27 -> 2027-04-19 | AC3: =Weeks!B28 -> 2027-04-26 | AD3: =Weeks!B29 -> 2027-05-03
A4: =Tasks!A2 -> T1 | B4: =Tasks!B2&" ("&Tasks!C2&")" -> Kickoff and background research (Whole team) | C4: =IF(AND(C$3>=$AE4,C$3<=$AF4),IF($AG4="Deliverable",$A4,C$2),"") -> 1 | D4: =IF(AND(D$3>=$AE4,D$3<=$AF4),IF($AG4="Deliverable",$A4,D$2),"") -> 2 | E4: =IF(AND(E$3>=$AE4,E$3<=$AF4),IF($AG4="Deliverable",$A4,E$2),"") | F4: =IF(AND(F$3>=$AE4,F$3<=$AF4),IF($AG4="Deliverable",$A4,F$2),"") | G4: =IF(AND(G$3>=$AE4,G$3<=$AF4),IF($AG4="Deliverable",$A4,G$2),"") | H4: =IF(AND(H$3>=$AE4,H$3<=$AF4),IF($AG4="Deliverable",$A4,H$2),"") | I4: =IF(AND(I$3>=$AE4,I$3<=$AF4),IF($AG4="Deliverable",$A4,I$2),"") | J4: =IF(AND(J$3>=$AE4,J$3<=$AF4),IF($AG4="Deliverable",$A4,J$2),"") | ... AD4: =IF(AND(AD$3>=$AE4,AD$3<=$AF4),IF($AG4="Deliverable",$A4,AD$2),"") | AE4: =Tasks!H2 -> 2026-10-19 | AF4: =Tasks!I2 -> 2026-11-01 | AG4: =Tasks!D2 -> Task
A5: =Tasks!A3 -> T2 | B5: =Tasks!B3&" ("&Tasks!C3&")" -> Detailed literature review (Author A) | C5: =IF(AND(C$3>=$AE5,C$3<=$AF5),IF($AG5="Deliverable",$A5,C$2),"") | D5: =IF(AND(D$3>=$AE5,D$3<=$AF5),IF($AG5="Deliverable",$A5,D$2),"") -> 2 | E5: =IF(AND(E$3>=$AE5,E$3<=$AF5),IF($AG5="Deliverable",$A5,E$2),"") -> 3 | F5: =IF(AND(F$3>=$AE5,F$3<=$AF5),IF($AG5="Deliverable",$A5,F$2),"") -> 4 | G5: =IF(AND(G$3>=$AE5,G$3<=$AF5),IF($AG5="Deliverable",$A5,G$2),"") -> 5 | H5: =IF(AND(H$3>=$AE5,H$3<=$AF5),IF($AG5="Deliverable",$A5,H$2),"") | I5: =IF(AND(I$3>=$AE5,I$3<=$AF5),IF($AG5="Deliverable",$A5,I$2),"") | J5: =IF(AND(J$3>=$AE5,J$3<=$AF5),IF($AG5="Deliverable",$A5,J$2),"") | ... AD5: =IF(AND(AD$3>=$AE5,AD$3<=$AF5),IF($AG5="Deliverable",$A5,AD$2),"") | AE5: =Tasks!H3 -> 2026-10-26 | AF5: =Tasks!I3 -> 2026-11-22 | AG5: =Tasks!D3 -> Task
A6: =Tasks!A4 -> D1 | B6: =Tasks!B4&" ("&Tasks!C4&")" -> Return of preliminary project plan (Whole team) | C6: =IF(AND(C$3>=$AE6,C$3<=$AF6),IF($AG6="Deliverable",$A6,C$2),"") | D6: =IF(AND(D$3>=$AE6,D$3<=$AF6),IF($AG6="Deliverable",$A6,D$2),"") | E6: =IF(AND(E$3>=$AE6,E$3<=$AF6),IF($AG6="Deliverable",$A6,E$2),"") | F6: =IF(AND(F$3>=$AE6,F$3<=$AF6),IF($AG6="Deliverable",$A6,F$2),"") | G6: =IF(AND(G$3>=$AE6,G$3<=$AF6),IF($AG6="Deliverable",$A6,G$2),"") -> D1 | H6: =IF(AND(H$3>=$AE6,H$3<=$AF6),IF($AG6="Deliverable",$A6,H$2),"") | I6: =IF(AND(I$3>=$AE6,I$3<=$AF6),IF($AG6="Deliverable",$A6,I$2),"") | J6: =IF(AND(J$3>=$AE6,J$3<=$AF6),IF($AG6="Deliverable",$A6,J$2),"") | ... AD6: =IF(AND(AD$3>=$AE6,AD$3<=$AF6),IF($AG6="Deliverable",$A6,AD$2),"") | AE6: =Tasks!H4 -> 2026-11-16 | AF6: =Tasks!I4 -> 2026-11-22 | AG6: =Tasks!D4 -> Deliverable
A7: =Tasks!A5 -> T3 | B7: =Tasks!B5&" ("&Tasks!C5&")" -> Method / experimental design (Author B) | C7: =IF(AND(C$3>=$AE7,C$3<=$AF7),IF($AG7="Deliverable",$A7,C$2),"") | D7: =IF(AND(D$3>=$AE7,D$3<=$AF7),IF($AG7="Deliverable",$A7,D$2),"") | E7: =IF(AND(E$3>=$AE7,E$3<=$AF7),IF($AG7="Deliverable",$A7,E$2),"") | F7: =IF(AND(F$3>=$AE7,F$3<=$AF7),IF($AG7="Deliverable",$A7,F$2),"") | G7: =IF(AND(G$3>=$AE7,G$3<=$AF7),IF($AG7="Deliverable",$A7,G$2),"") -> 5 | H7: =IF(AND(H$3>=$AE7,H$3<=$AF7),IF($AG7="Deliverable",$A7,H$2),"") -> 6 | I7: =IF(AND(I$3>=$AE7,I$3<=$AF7),IF($AG7="Deliverable",$A7,I$2),"") -> 7 | J7: =IF(AND(J$3>=$AE7,J$3<=$AF7),IF($AG7="Deliverable",$A7,J$2),"") | ... AD7: =IF(AND(AD$3>=$AE7,AD$3<=$AF7),IF($AG7="Deliverable",$A7,AD$2),"") | AE7: =Tasks!H5 -> 2026-11-16 | AF7: =Tasks!I5 -> 2026-12-06 | AG7: =Tasks!D5 -> Task
A8: =Tasks!A6 -> D2 | B8: =Tasks!B6&" ("&Tasks!C6&")" -> Return of final project plan (Whole team) | C8: =IF(AND(C$3>=$AE8,C$3<=$AF8),IF($AG8="Deliverable",$A8,C$2),"") | D8: =IF(AND(D$3>=$AE8,D$3<=$AF8),IF($AG8="Deliverable",$A8,D$2),"") | E8: =IF(AND(E$3>=$AE8,E$3<=$AF8),IF($AG8="Deliverable",$A8,E$2),"") | F8: =IF(AND(F$3>=$AE8,F$3<=$AF8),IF($AG8="Deliverable",$A8,F$2),"") | G8: =IF(AND(G$3>=$AE8,G$3<=$AF8),IF($AG8="Deliverable",$A8,G$2),"") | H8: =IF(AND(H$3>=$AE8,H$3<=$AF8),IF($AG8="Deliverable",$A8,H$2),"") | I8: =IF(AND(I$3>=$AE8,I$3<=$AF8),IF($AG8="Deliverable",$A8,I$2),"") -> D2 | J8: =IF(AND(J$3>=$AE8,J$3<=$AF8),IF($AG8="Deliverable",$A8,J$2),"") | ... AD8: =IF(AND(AD$3>=$AE8,AD$3<=$AF8),IF($AG8="Deliverable",$A8,AD$2),"") | AE8: =Tasks!H6 -> 2026-11-30 | AF8: =Tasks!I6 -> 2026-12-06 | AG8: =Tasks!D6 -> Deliverable
A9: =Tasks!A7 -> T4 | B9: =Tasks!B7&" ("&Tasks!C7&")" -> Data collection / simulations (Whole team) | C9: =IF(AND(C$3>=$AE9,C$3<=$AF9),IF($AG9="Deliverable",$A9,C$2),"") | D9: =IF(AND(D$3>=$AE9,D$3<=$AF9),IF($AG9="Deliverable",$A9,D$2),"") | E9: =IF(AND(E$3>=$AE9,E$3<=$AF9),IF($AG9="Deliverable",$A9,E$2),"") | F9: =IF(AND(F$3>=$AE9,F$3<=$AF9),IF($AG9="Deliverable",$A9,F$2),"") | G9: =IF(AND(G$3>=$AE9,G$3<=$AF9),IF($AG9="Deliverable",$A9,G$2),"") | H9: =IF(AND(H$3>=$AE9,H$3<=$AF9),IF($AG9="Deliverable",$A9,H$2),"") | I9: =IF(AND(I$3>=$AE9,I$3<=$AF9),IF($AG9="Deliverable",$A9,I$2),"") | J9: =IF(AND(J$3>=$AE9,J$3<=$AF9),IF($AG9="Deliverable",$A9,J$2),"") | ... AD9: =IF(AND(AD$3>=$AE9,AD$3<=$AF9),IF($AG9="Deliverable",$A9,AD$2),"") | AE9: =Tasks!H7 -> 2027-01-11 | AF9: =Tasks!I7 -> 2027-02-07 | AG9: =Tasks!D7 -> Task
A10: =Tasks!A8 -> T5 | B10: =Tasks!B8&" ("&Tasks!C8&")" -> Interim review meeting (Whole team) | C10: =IF(AND(C$3>=$AE10,C$3<=$AF10),IF($AG10="Deliverable",$A10,C$2),"") | D10: =IF(AND(D$3>=$AE10,D$3<=$AF10),IF($AG10="Deliverable",$A10,D$2),"") | E10: =IF(AND(E$3>=$AE10,E$3<=$AF10),IF($AG10="Deliverable",$A10,E$2),"") | F10: =IF(AND(F$3>=$AE10,F$3<=$AF10),IF($AG10="Deliverable",$A10,F$2),"") | G10: =IF(AND(G$3>=$AE10,G$3<=$AF10),IF($AG10="Deliverable",$A10,G$2),"") | H10: =IF(AND(H$3>=$AE10,H$3<=$AF10),IF($AG10="Deliverable",$A10,H$2),"") | I10: =IF(AND(I$3>=$AE10,I$3<=$AF10),IF($AG10="Deliverable",$A10,I$2),"") | J10: =IF(AND(J$3>=$AE10,J$3<=$AF10),IF($AG10="Deliverable",$A10,J$2),"") | ... AD10: =IF(AND(AD$3>=$AE10,AD$3<=$AF10),IF($AG10="Deliverable",$A10,AD$2),"") | AE10: =Tasks!H8 -> 2027-01-25 | AF10: =Tasks!I8 -> 2027-01-31 | AG10: =Tasks!D8 -> Milestone
A11: =Tasks!A9 -> T6 | B11: =Tasks!B9&" ("&Tasks!C9&")" -> Data analysis (Author C) | C11: =IF(AND(C$3>=$AE11,C$3<=$AF11),IF($AG11="Deliverable",$A11,C$2),"") | D11: =IF(AND(D$3>=$AE11,D$3<=$AF11),IF($AG11="Deliverable",$A11,D$2),"") | E11: =IF(AND(E$3>=$AE11,E$3<=$AF11),IF($AG11="Deliverable",$A11,E$2),"") | F11: =IF(AND(F$3>=$AE11,F$3<=$AF11),IF($AG11="Deliverable",$A11,F$2),"") | G11: =IF(AND(G$3>=$AE11,G$3<=$AF11),IF($AG11="Deliverable",$A11,G$2),"") | H11: =IF(AND(H$3>=$AE11,H$3<=$AF11),IF($AG11="Deliverable",$A11,H$2),"") | I11: =IF(AND(I$3>=$AE11,I$3<=$AF11),IF($AG11="Deliverable",$A11,I$2),"") | J11: =IF(AND(J$3>=$AE11,J$3<=$AF11),IF($AG11="Deliverable",$A11,J$2),"") | ... AD11: =IF(AND(AD$3>=$AE11,AD$3<=$AF11),IF($AG11="Deliverable",$A11,AD$2),"") | AE11: =Tasks!H9 -> 2027-02-08 | AF11: =Tasks!I9 -> 2027-02-21 | AG11: =Tasks!D9 -> Task
A12: =Tasks!A10 -> T7 | B12: =Tasks!B10&" ("&Tasks!C10&")" -> Draft report writing (Whole team) | C12: =IF(AND(C$3>=$AE12,C$3<=$AF12),IF($AG12="Deliverable",$A12,C$2),"") | D12: =IF(AND(D$3>=$AE12,D$3<=$AF12),IF($AG12="Deliverable",$A12,D$2),"") | E12: =IF(AND(E$3>=$AE12,E$3<=$AF12),IF($AG12="Deliverable",$A12,E$2),"") | F12: =IF(AND(F$3>=$AE12,F$3<=$AF12),IF($AG12="Deliverable",$A12,F$2),"") | G12: =IF(AND(G$3>=$AE12,G$3<=$AF12),IF($AG12="Deliverable",$A12,G$2),"") | H12: =IF(AND(H$3>=$AE12,H$3<=$AF12),IF($AG12="Deliverable",$A12,H$2),"") | I12: =IF(AND(I$3>=$AE12,I$3<=$AF12),IF($AG12="Deliverable",$A12,I$2),"") | J12: =IF(AND(J$3>=$AE12,J$3<=$AF12),IF($AG12="Deliverable",$A12,J$2),"") | ... AD12: =IF(AND(AD$3>=$AE12,AD$3<=$AF12),IF($AG12="Deliverable",$A12,AD$2),"") | AE12: =Tasks!H10 -> 2027-03-01 | AF12: =Tasks!I10 -> 2027-03-21 | AG12: =Tasks!D10 -> Task
A13: =Tasks!A11 -> D3 | B13: =Tasks!B11&" ("&Tasks!C11&")" -> Return of implementation report (Whole team) | C13: =IF(AND(C$3>=$AE13,C$3<=$AF13),IF($AG13="Deliverable",$A13,C$2),"") | D13: =IF(AND(D$3>=$AE13,D$3<=$AF13),IF($AG13="Deliverable",$A13,D$2),"") | E13: =IF(AND(E$3>=$AE13,E$3<=$AF13),IF($AG13="Deliverable",$A13,E$2),"") | F13: =IF(AND(F$3>=$AE13,F$3<=$AF13),IF($AG13="Deliverable",$A13,F$2),"") | G13: =IF(AND(G$3>=$AE13,G$3<=$AF13),IF($AG13="Deliverable",$A13,G$2),"") | H13: =IF(AND(H$3>=$AE13,H$3<=$AF13),IF($AG13="Deliverable",$A13,H$2),"") | I13: =IF(AND(I$3>=$AE13,I$3<=$AF13),IF($AG13="Deliverable",$A13,I$2),"") | J13: =IF(AND(J$3>=$AE13,J$3<=$AF13),IF($AG13="Deliverable",$A13,J$2),"") | ... AD13: =IF(AND(AD$3>=$AE13,AD$3<=$AF13),IF($AG13="Deliverable",$A13,AD$2),"") | AE13: =Tasks!H11 -> 2027-03-15 | AF13: =Tasks!I11 -> 2027-03-21 | AG13: =Tasks!D11 -> Deliverable
A14: =Tasks!A12 -> T8 | B14: =Tasks!B12&" ("&Tasks!C12&")" -> Prepare presentation (Whole team) | C14: =IF(AND(C$3>=$AE14,C$3<=$AF14),IF($AG14="Deliverable",$A14,C$2),"") | D14: =IF(AND(D$3>=$AE14,D$3<=$AF14),IF($AG14="Deliverable",$A14,D$2),"") | E14: =IF(AND(E$3>=$AE14,E$3<=$AF14),IF($AG14="Deliverable",$A14,E$2),"") | F14: =IF(AND(F$3>=$AE14,F$3<=$AF14),IF($AG14="Deliverable",$A14,F$2),"") | G14: =IF(AND(G$3>=$AE14,G$3<=$AF14),IF($AG14="Deliverable",$A14,G$2),"") | H14: =IF(AND(H$3>=$AE14,H$3<=$AF14),IF($AG14="Deliverable",$A14,H$2),"") | I14: =IF(AND(I$3>=$AE14,I$3<=$AF14),IF($AG14="Deliverable",$A14,I$2),"") | J14: =IF(AND(J$3>=$AE14,J$3<=$AF14),IF($AG14="Deliverable",$A14,J$2),"") | ... AD14: =IF(AND(AD$3>=$AE14,AD$3<=$AF14),IF($AG14="Deliverable",$A14,AD$2),"") | AE14: =Tasks!H12 -> 2027-03-22 | AF14: =Tasks!I12 -> 2027-04-11 | AG14: =Tasks!D12 -> Task
A15: =Tasks!A13 -> T9 | B15: =Tasks!B13&" ("&Tasks!C13&")" -> Final report and presentation (Whole team) | C15: =IF(AND(C$3>=$AE15,C$3<=$AF15),IF($AG15="Deliverable",$A15,C$2),"") | D15: =IF(AND(D$3>=$AE15,D$3<=$AF15),IF($AG15="Deliverable",$A15,D$2),"") | E15: =IF(AND(E$3>=$AE15,E$3<=$AF15),IF($AG15="Deliverable",$A15,E$2),"") | F15: =IF(AND(F$3>=$AE15,F$3<=$AF15),IF($AG15="Deliverable",$A15,F$2),"") | G15: =IF(AND(G$3>=$AE15,G$3<=$AF15),IF($AG15="Deliverable",$A15,G$2),"") | H15: =IF(AND(H$3>=$AE15,H$3<=$AF15),IF($AG15="Deliverable",$A15,H$2),"") | I15: =IF(AND(I$3>=$AE15,I$3<=$AF15),IF($AG15="Deliverable",$A15,I$2),"") | J15: =IF(AND(J$3>=$AE15,J$3<=$AF15),IF($AG15="Deliverable",$A15,J$2),"") | ... AD15: =IF(AND(AD$3>=$AE15,AD$3<=$AF15),IF($AG15="Deliverable",$A15,AD$2),"") | AE15: =Tasks!H13 -> 2027-04-05 | AF15: =Tasks!I13 -> 2027-04-25 | AG15: =Tasks!D13 -> Milestone
A16: =Tasks!A14 -> D4 | B16: =Tasks!B14&" ("&Tasks!C14&")" -> Return of project presentation (Whole team) | C16: =IF(AND(C$3>=$AE16,C$3<=$AF16),IF($AG16="Deliverable",$A16,C$2),"") | D16: =IF(AND(D$3>=$AE16,D$3<=$AF16),IF($AG16="Deliverable",$A16,D$2),"") | E16: =IF(AND(E$3>=$AE16,E$3<=$AF16),IF($AG16="Deliverable",$A16,E$2),"") | F16: =IF(AND(F$3>=$AE16,F$3<=$AF16),IF($AG16="Deliverable",$A16,F$2),"") | G16: =IF(AND(G$3>=$AE16,G$3<=$AF16),IF($AG16="Deliverable",$A16,G$2),"") | H16: =IF(AND(H$3>=$AE16,H$3<=$AF16),IF($AG16="Deliverable",$A16,H$2),"") | I16: =IF(AND(I$3>=$AE16,I$3<=$AF16),IF($AG16="Deliverable",$A16,I$2),"") | J16: =IF(AND(J$3>=$AE16,J$3<=$AF16),IF($AG16="Deliverable",$A16,J$2),"") | ... AD16: =IF(AND(AD$3>=$AE16,AD$3<=$AF16),IF($AG16="Deliverable",$A16,AD$2),"") | AE16: =Tasks!H14 -> 2027-04-19 | AF16: =Tasks!I14 -> 2027-04-25 | AG16: =Tasks!D14 -> Deliverable
